{
  "project_info": {
    "project_number": "256459294173",
    "project_id": "p-shop-1199e",
    "storage_bucket": "p-shop-1199e.appspot.com"
  },
  "client": [
    {
      "client_info": {
        "mobilesdk_app_id": "1:256459294173:android:cae7d5785592eaea17e234",
        "android_client_info": {
          "package_name": "com.samie.p_shop"
        }
      },
      "oauth_client": [],
      "api_key": [
        {
          "current_key": "AIzaSyCIPKMMeX9CY7XDp_v5-u9l95A7uecjX6o"
        }
      ],
      "services": {
        "appinvite_service": {
          "other_platform_oauth_client": []
        }
      }
    }
  ],
  "configuration_version": "1"
}